<?xml version="1.0"?>
<!--
###################################################
# modulate_vector_bc
###################################################
 -->
<block>
  <name>Modulate Vector 2</name>
  <key>variable_modulate_vector3</key>
  <category>Packetizr</category>
  <import>import packetizr</import>
  <!--<import>from gnuradio import digital</import>-->
  <var_make>self.$(id) = $(id) = packetizr.modulate_vector_cc($mod .to_basic_block(), $data)</var_make>
  <var_value>packetizr.modulate_vector_cc($mod .to_basic_block(), $data)</var_value>
  <!--<make>packetizr.modulate_vector_cc($mod .to_basic_block(), $data)</make>-->
  <make></make>

  <param>
    <name>Modulator</name>
    <key>mod</key>
    <value></value>
    <type>raw</type>
  </param>
  <param>
    <name>Data vector</name>
    <key>data</key>
    <value></value>
    <type>raw</type>
  </param>
</block>
