<?xml version="1.0"?>
<block>
  <name>Tagged Stream Whitener</name>
  <key>packetizr_tagged_whitener</key>
  <category>[packetizr]</category>
  <import>import packetizr</import>
  <make>packetizr.tagged_whitener($use_lfsr, $random_mask, $bits_per_byte, $lengthtagname)</make>
  <!-- Make one 'param' node for every Parameter you want settable from the GUI.
       Sub-nodes:
       * name
       * key (makes the value accessible as $keyname, e.g. in the make node)
       * type -->
   <param>
    <name>Use LFSR instead of random sequence</name>
    <key>use_lfsr</key>
    <type>enum</type>
    <option>
      <name>True</name>
      <key>True</key>
    </option>
    <option>
      <name>False</name>
      <key>False</key>
    </option>
  </param>

  <param>
    <name>Random mask sequence (empty for default)</name>
    <key>random_mask</key>
    <value></value>
    <type>int_vector</type>
  </param>

  <param>
  <name>Bits per byte</name>
    <key>bits_per_byte</key>
    <value>8</value>
    <type>int</type>
  </param>

  <param>
   <name>Length Tag Name</name>
    <key>lengthtagname</key>
    <value>"packet_len"</value>
    <type>string</type>
  </param>


 


  <!-- Make one 'sink' node per input. Sub-nodes:
       * name (an identifier for the GUI)
       * type
       * vlen
       * optional (set to 1 for optional inputs) -->
  <sink>
    <name>in</name>
    <type>byte</type>
  </sink>

  <!-- Make one 'source' node per output. Sub-nodes:
       * name (an identifier for the GUI)
       * type
       * vlen
       * optional (set to 1 for optional inputs) -->
  <source>
    <name>out</name>
    <type>byte</type>
  </source>
</block>
